trade_name,active_ingredient,label_ar,atc_code
contraceptive agents,,,G03A
postcoital contraceptives,,,G03AD
hormonal contraceptive agents,,,G03A
Gardasil 9,,,J07BM03
Angelica dahurica,,,
four thieves vinegar,,,
Dental dam (oral sex),,,
tunicamycin,,,
Mercromina,,,
Kagocel,,,
Boroline,,,
Kolokol-1,,,
Savlon,,,
sergliflozin etabonate,,,
Silver proteinate,,,
TrimSpa,,,
Dolphin,,,
mizagliflozin,,,
tofogliflozin,,,
bexagliflozin diproline,,,
luseogliflozin,,,
velagliflozin,,,
ipragliflozin L-proline,,,
atigliflozin,,,
Mori Cortex,,,
sergliflozin,,,
velagliflozin proline,,,
Cacao Amazonas Perú,,,
canagliflozin hemihydrate,,,
Voltaren,,,
female contraceptive agent,,,
combined oral contraceptives,,,
mulberry leaf,,,
Coronavir,,,
Indigenous Chocolate,,,
Crohns MAP Vaccine,,,
mRNA-1283,,,
sarcocolla,,,
Packet of 'Anti-Baby' condoms,,,
"Rubber cervical cap, called ""Prorace""",,,
"Rubber cervical cap, ""Racial"" brand, size 2",,,
Cacao-Chocolate,,,
Ceremonial Cacao,,,
CVL-354,,,
Indigenous Cacao,,,
retatrutide,,,
falimarev,,,
simnotrelvir/ritonavir,,,
enavogliflozin,,,
BNT162b5,,,
amycretin,,,
mRNA-1083,,,
direclidine,,,
CT-388,,,
Amarasate,,,
conker,,,C05CX03
motherwort herb,,,
cinnamon bark extract,,,
Yu Yee oil,,,
Bergamot essential oil,,,
eucalyptus oil,,,
genmaicha,,,
anise oil,,,
bancha,,,
juniper oil,,,
oxyntomodulin,,,
thyme oil,,,
camomile oil,,,
copeptin,,,
Sage oil,,,
Sage oil,,,
rosemary oil,,,
rosemary oil,,,
fennel oil,,,
Tiliae flos,,,
veratrine,,,
Althaea officinalis extract,,,
red raspberry leaf,,,
Hamamelidis cortex,,,
Gentianae radix,,,
willow bark,,,
Kamishoyosan,,,
Ilaner kuzhampu,,,
Java tea,,,
Sideritis herba,,,
caraway seeds,,,
conker,,,C05CX03
cinnamon bark extract,,,
thyme oil,,,
camomile oil,,,
red raspberry leaf,,,
Hamamelidis cortex,,,
Gentianae radix,,,
willow bark,,,
Java tea,,,
Sideritis herba,,,
caraway seeds,,,
theralizumab,,,
Bergamot essential oil,,,
eucalyptus oil,,,
anise oil,,,
baekseju,,,
Huangshan Maofeng,,,
gyokuro,,,
fennel oil,,,
Tiliae flos,,,
Tamaryokucha,,,
Aracha,,,
Biluochun,,,
fentanyl/fluanisone,,,
fentanyl/fluanisone,,,
Glover's Medicated Salt Cake,,,
Lu'an Melon Seed tea,,,
ProSavin,,,
Rượu thuốc,,,
trimethoprim/sulfadoxine,,,
Yunnan Baiyao,,,
Anervan,,,
Yun Wu,,,
Maojian tea,,,
Lushan Yunwu,,,
formosulfathiazole,,,
imidacloprid/permethrin/pyriproxyfen,,,
GSK2831781,,,
Tolak Angin,,,
Spongia somnifera,,,
etilagimod alpha,,,
Equilytes,,,
ginseng root,,,
liquorice root,,,
peony root,,,
ginger rhizome,,,
Cimicifugae Rhizoma,,,
fennel fruit,,,
Quercus Cortex,,,
Viagra,,,
anise seed,,,
selatogrel,,,
greater celandine (herb),,,
chicory root,,,
javanese turmeric,,,
purple coneflower herb,,,
Eleutherococcus root,,,
willow herb,,,
horsetail herb,,,
California poppy,,,
eyebright (herb),,,
fumitory (herb),,,
ginkgo leaf,,,
gumweed herb,,,
hamamelis leaf,,,
horse-chestnut bark,,,
walnut leaf,,,
lavender flower,,,
lovage root,,,
matricaria flower,,,
melissa leaf,,,
peppermint leaf,,,
Quercus Cortex,,,
anise seed,,,
collagenase clostridium histolyticum,,,D03BA02
collagenase clostridium histolyticum,,,M09AB02
jujube,,,
Wolfiporia extensa,,,
Jesuit's bark,,,
aloe,,,
Olbas Oil,,,
Estrogen ester,,,
Phytoandrogens,,,
Nicotinell,,,
Chinese thorowax root,,,
Yamecha,,,
Zezecha,,,
Anji bai cha,,,
gambier,,,
nisterime,,,
Houttuyniae Herba,,,
Chinese motherwort herb,,,
Lilii Bulbus,,,
Lithospermi Radix,,,
Linderae Radix,,,
Longan Arillus,,,
Lonicerae Folium Cum Caulis,,,
Lycii Cortex,,,
Lycii Fructus,,,
Magnoliae Flos,,,
linseed cake,,,
Mori Cortex,,,
Nelumbis Semen,,,
Notopterygii Rhizoma,,,
Nupharis Rhizoma,,,
Japonica rice,,,
Panacis Japonici Rhizoma,,,
Peucedani Radix,,,
Polygalae Radix,,,
Polygoni Multiflori Radix,,,
Testosterone hexyloxyphenylpropionate,,,
Omnadren,,,
Nandrolone caproate,,,
Nandrolone cyclohexanecarboxylate,,,
Nandrolone sulfate sodium,,,
Methylepitiostanol,,,
17α-alkylated anabolic steroid,,,
bolazine capronate,,,
Deposterona,,,
Gypsum deformed cristal-MCG 7747,,,
Gypsum-MGL 2367,,,
sejak,,,
ujeon,,,
Propylex,,,
Tuvunu,,,
Zhuyeqing Tea,,,
coitus Saxonicus,,,
Saposhnikoviae Radix,,,
Sappan Lignum,,,
Saussureae Radix,,,
Schizonepetae Spica,,,
Sesami Semen,,,
Sophorae Radix,,,
Swertiae Herba,,,
Tribuli Fructus,,,
Trichosanthis Radix,,,
Trichosanthis Semen,,,
Tritici Semen,,,
Zizyphi Spinosi Semen,,,
Setariae Semen,,,
birch seed,,,
turmeric rhizome,,,
human growth hormone,,,
gamma-lipotropin,,,
Absinthii herba,,,
Dandelion Root with Herb,,,
Burdock Root,,,
Senna leaf,,,
senna pods,,,
Agnus Castus Fruit,,,
dandelion leaf,,,
Couch grass rhizome,,,
Roman Chamomile Flower,,,
cola,,,
Millefolii herba,,,
pelargonium root,,,
Herniariae herba,,,
Frangula bark,,,
Rhei radix,,,
Tanaceti parthenii herba,,,
oat grain,,,
oat herb,,,
dittany of Crete (herb),,,
guarana seed,,,
katula,,,
Mouse-ear hawkweed,,,
ribwort plantain leaf,,,
primula root,,,
arctic root,,,
elderberry,,,
hedge mustard (herb),,,
woody nightshade stem,,,
european goldenrod (herb),,,
comfrey root,,,
Tiliae tomentosae flos,,,
tormentil root,,,
cat's claw (bark),,,
nettle leaf,,,
nettle herb,,,
nettle root,,,
wild pansy (herb),,,
tozorakimab,,,
favezelimab,,,
efinopegdutide,,,
clesrovimab,,,
boserolimab,,,
rezpegaldesleukin,,,
TNB-486,,,
MEDI6570,,,
3K3A-Activated Protein C,,,
Atinvicitinib,,,
status releaser pheromone,,,
motherwort herb,,,
tinzaparin sodium,,,
juniper oil,,,
lantibiotic duramycin,,,
Udder Balm,,,
Purol,,,
Alka-Seltzer,,,
2012 Pakistan fake medicine crisis,,,
Antimicrotubule agent,,,
Apenta,,,
Gaviscon,,,
Menerba,,,
Metanx,,,
Mollipect,,,
Naldecon,,,
Obetrol,,,
Panadol night,,,
Pantopon,,,
paracetamol/metoclopramide,,,
pitrakinra,,,
Pluto Water,,,
Po Chai Pills,,,
Tums,,,
Visine,,,
Makiron,,,
Fibraurea tinctoria,,,
Cassiae Semen,,,
Chrysanthemi Flos,,,
Cimicifugae Rhizoma,,,
Clematidis Radix,,,
Corni Fructus,,,
Corydalis Tuber,,,
Crataegi Fructus,,,
Crotonis Semen,,,
Eriobotryae Folium,,,
Eucommiae Cortex,,,
Eupolyphaga,,,
fennel fruit,,,
Forsythiae Fructus,,,
Fritillariae Bulbus,,,
Gastrodiae Tuber,,,
Gentianae Scabrae Radix,,,
Glehniae Radix Cum Rhizoma,,,
Hordei Fructus Germinatus,,,
Methoxydienone,,,
chlorodehydromethylandrostenediol,,,
dimethandrolone buciclate,,,
dimethandrolone undecanoate,,,
11-ketodihydrotestosterone,,,
19-Nor-5-androstenedione,,,
Testosterone phenylbutyrate,,,
Testosterone isovalerate,,,
Testosterone diacetate,,,
testosterone acetate propionate,,,
Methyltestosterone 3-hexyl ether,,,
Native copper and epidote-MCG 68948,,,
turmeric rhizome,,,
Evening primrose oil,,,
rose petals,,,
soya lecithin,,,
fenugreek seed,,,
elderflower,,,
purple coneflower root,,,
caraway oil,,,
Valerian root oil,,,
oregano,,,
kava kava,,,
bearberry leaf,,,
blackcurrant leaf,,,
grapevine leaf (red),,,
pygeum africanum bark,,,
aloe leaf,,,
sage leaf,,,
Lichen islandicus,,,
Boldi folium,,,
restharrow root,,,
devil's claw root,,,
marjoram (herb),,,
mistletoe (herb),,,
imidacloprid/moxidectin,,,
Invossa-K,,,
Juniperus virginiana twig,,,
mecasermin rinfabate,,,H01AC05
Cascara,,,A06AB07
imidacloprid/permethrin/pyriproxyfen,,,
ethinylestradiol/cyproterone acetate,,,G03HB01
Hot Lemon,,,
arsenicum album,,,
Continuous erythropoietin receptor activator,,,
Benzedrine,,,
aspirin/meprobamate,,,
gataparsen,,,
NyQuil,,,
kan jang,,,
Valerina,,,
Hyaku-sō,,,
botulinum toxin Type B,,,
OspA lipoprotein,,,
anti-thymocyte globulin (rabbit),,,
interferon-alpha,,,
ragweed pollen extract,,,
LGD-4033,,,
Plantaginis Semen,,,
platycodon root,,,
sclerotium of umbrella polypore,,,
Puerariae Radix,,,
Chinese foxglove root,,,
rhubarb,,,
Saccharum Granorum,,,
Schisandrae Fructus,,,
scutellaria root,,,
Sinomeni Caulis et Rhizoma,,,
Uncariae Uncis Cum Ramulus,,,
Zanthoxyli Fructus,,,
ginger rhizome,,,
Zingiberis Siccatum Rhizoma,,,
Akebiae Caulis,,,
Alpiniae Officinari Rhizoma,,,
Amomi Semen,,,
Angelicae Dahuricae Radix,,,
Araliae Cordatae Rhizoma,,,
Araliae Cordatae Radix,,,
Arctii Fructus,,,
Arecae Semen,,,
Arisaematis Tuber,,,
Artemisiae Folium,,,
Asparagi Radix,,,
immature bitter orange,,,
bamboo shavings,,,
Benincasae Semen,,,
Bezoar Bovis,,,
Carthami Flos,,,
Deep Heat,,,
melilot,,,
kava kava,,,
bearberry leaf,,,
blackcurrant leaf,,,
grapevine leaf (red),,,
pygeum africanum bark,,,
aloe leaf,,,
sage leaf,,,
Lichen islandicus,,,
Boldi folium,,,
restharrow root,,,
devil's claw root,,,
marjoram (herb),,,
arnica flower,,,
passion flower (herb),,,
primula flower,,,
greek sage leaf,,,
sandy everlasting flower,,,
knotgrass herb,,,
hawthorn leaf and flower,,,
saw palmetto berry,,,
birch leaf,,,
capsicum,,,
centaury,,,
recombinant feline interferon omega,,,
Tian Xian Liquid,,,
somagrebove,,,
Gangaria de Flush,,,
Sheng-Mai San,,,
HOPO 14-1,,,
bedinvetmab,,,
mazdutide,,,
mazdutide,,,
cagrilintide,,,
petrelintide,,,
xeligekimab,,,
IBI311,,,
aleniglipron,,,
efocipegtrutide,,,
ecnoglutide,,,
efpeglenatide,,,
insulin efsitora alfa,,,
inosine pranobex,,,J05AX05
oxycodone/aspirin,,,N02AJ18
althea root,,,R05CA05
fibrinogen I-125,,,V09GB01
proteases,,,
Robitussin DAC,,,
Traditional Hausa medicine,,,
Treo,,,
Trimix,,,
Tums,,,
VZV immune globulin,,,
Virodene,,,
Dinyl,,,
glossary of pharmacological actions,,,
asthmatolum,,,
saengmaeksan,,,
Aeron,,,
vaseline cetomacrogol cream,,,
botulinum toxin Type B,,,
erbisol,,,
agalsidase alpha,,,
Amrutanjan,,,
Biotônico Fontoura,,,
Achyranthis Radix,,,
Aconiti Tuber,,,
alisma rhizome,,,
Anemarrhenae,,,
Angelicae Radix,,,
Armeniacae Semen,,,
Artemisiae Capillari Flos,,,
Asiasari Radix,,,
Astragali Radix,,,
swordlike atracylodes rhizome,,,
Atractylodis Rhizoma,,,
Cannabis Fructus,,,
Cicadae Periostracum,,,
Cinnamomi Cortex,,,
Cnidii Rhizoma,,,
Coicis Semen,,,
coptis rhizome,,,
nut-grass rhizome,,,
Dioscoreae Rhizoma,,,
Ephedrae Herba,,,
Evening primrose oil,,,
rose petals,,,
soya lecithin,,,
fenugreek seed,,,
elderflower,,,
purple coneflower root,,,
caraway oil,,,
Valerian root oil,,,
Dandelion Root with Herb,,,
Burdock Root,,,
Senna leaf,,,
senna pods,,,
dandelion leaf,,,
Couch grass rhizome,,,
Roman Chamomile Flower,,,
cola,,,
Millefolii herba,,,
pelargonium root,,,
Herniariae herba,,,
Frangula bark,,,
Rhei radix,,,
Tanaceti parthenii herba,,,
oat grain,,,
oat herb,,,
prednisolone/promethazine,,,V03AB05
sodium cellulose phosphate,,,V03AG01
trandolapril/verapamil,,,C09BB10
ethinylestradiol/cyproterone acetate,,,G03HB01
Cascara,,,A06AB07
Tegafur/gimeracil/oteracil,,,
Spatholobus littoralis,,,
artesunate/sulfadoxine/pyrimethamine,,,
sodium fluoride/malic acid,,,
hydrocortisone/miconazole,,,
coricidin,,,
Amitriptyline/perphenazine,,,
calcium acetate/magnesium carbonate,,,
morphine/naltrexone,,,
Buprenorphine/samidorphan,,,
Sal Hepatica,,,
Minancora,,,
naproxen/esomeprazole magnesium,,,
Ephedrine/ethylmorphine,,,
Aleve PM,,,
ACE inhibitor and thiazide combination,,,
mercurius solubilis,,,
cofetuzumab pelidotin,,,
rovalpituzumab tesirine,,,
Camidanlumab tesirine,,,
melissa seed oil,,,
elderberry extract,,,
Birch leaves extract,,,
Guarana extract,,,
sodium morrhuate,,,
Bursae pastoris herba,,,
Bursae pastoris herba,,,
Polypodii rhizoma,,,
Polypodii rhizoma,,,
Phaseoli fructus (sine semine),,,
Phaseoli fructus (sine semine),,,
Millefolii flos,,,
Millefolii flos,,,
Fragariae folium,,,
Fragariae folium,,,
Malvae sylvestris flos,,,
Malvae sylvestris flos,,,
mallow leaves,,,
Echinaceae angustifoliae radix,,,
artichoke leaf,,,
milkthistle fruit,,,
pale coneflower root,,,
ivy leaf,,,
soy extract,,,
mullein flower,,,
calendula flower,,,
winter-cherry root,,,
malabar-nut leaf,,,
kalmegh,,,
meadowsweet flower,,,
meadowsweet,,,
anetumab ravtansine,,,
Ergoferon,,,
NONS,,,
sinusitisinum,,,
AMG-172,,,
Nervoheel,,,
Mercurius cyanatus,,,
patritumab deruxtecan,,,
ifinatamab deruxtecan,,,
althea root,,,R05CA05
coricidin,,,
ginseng root,,,
liquorice root,,,
peony root,,,
mallow leaves,,,
Echinaceae angustifoliae radix,,,
artichoke leaf,,,
milkthistle fruit,,,
pale coneflower root,,,
ivy leaf,,,
soy extract,,,
mullein flower,,,
calendula flower,,,
winter-cherry root,,,
malabar-nut leaf,,,
kalmegh,,,
meadowsweet flower,,,
meadowsweet,,,
melilot,,,
arnica flower,,,
passion flower (herb),,,
primula flower,,,
greek sage leaf,,,
sandy everlasting flower,,,
knotgrass herb,,,
hawthorn leaf and flower,,,
saw palmetto berry,,,
birch leaf,,,
capsicum,,,
centaury,,,
greater celandine (herb),,,
chicory root,,,
javanese turmeric,,,
purple coneflower herb,,,
Eleutherococcus root,,,
willow herb,,,
horsetail herb,,,
California poppy,,,
eyebright (herb),,,
fumitory (herb),,,
ginkgo leaf,,,
gumweed herb,,,
hamamelis leaf,,,
horse-chestnut bark,,,
walnut leaf,,,
lavender flower,,,
lovage root,,,
matricaria flower,,,
melissa leaf,,,
BNT162b5,,,
INZ-701,,,
pramlintide/insulin A21G,,,
insulin tregopil,,,
efruxifermin,,,
aldafermin,,,
AXA1125,,,
evazarsen sodium,,,
Bupleurum root extract,,,
JNJ-77242113,,,
volenrelaxin,,,
endogenous drug,,,
Tschamba-Fii,,,
Rectal ointment,,,
Drug policy in Thailand,,,
(E)-4-Hydroxy-N’-(naphthalen-2-ylmethylene)benzohydrazide,,,
spruce sprout,,,
Enterospermum madagascariensis,,,
Flame of the Forest(palasha),,,
Blink®,,,
Holy basil,,,
Turmeric,,,
Lumify,,,
Propolis healing salve,,,
Wilkinson's ointment,,,
polymethylsiloxane polyhydrate,,,
CBR96-doxorubicin immunoconjugate,,,
CBR96-doxorubicin immunoconjugate,,,
liposomal daunorubicin,,,
Actoplus Met,,,
heptavalent botulism antitoxin,,,
respiratory quinolone,,,
onercept,,,
Sanatogen,,,
Swaim's Panacea,,,
Golden star balm,,,
new oral anticoagulant,,,
Ubhejane,,,
Epipactis latifolia,,,
Evodiae Fructus,,,
Fossilia Ossis Mastodi,,,
Gardeniae Fructus,,,
magnolia bark,,,
mint leaf,,,
Moutan Cortex,,,
Natrii Sulfus,,,
ophiopogon tuber,,,
Ostreae Testa,,,
perilla leaf,,,
peach pit,,,
Phellodendri Cortex,,,
pinellia tuber,,,
Openvape,,,
Symbicort,,,
cloacin,,,
streptodornase and streptokinase,,,
vernamycin B,,,
circulating thymic factor,,,
REGN-EB3,,,
Kai-Xin-San,,,
streptogramin B,,,
archexin,,,
trecovirsen,,,
trecovirsen sodium,,,
5α dihydrodeoxycorticosterone,,,
5α dihydroaldosterone,,,
5α dihydrocorticosterone,,,
5α dihydrocortisol,,,
5α dihydrocortisone,,,
5α dihydrodeoxycortisol,,,
3α 5α tetrahydrodeoxycorticosterone,,,
3α 5α tetrahydroaldosterone,,,
3α 5α tetrahydrocorticosterone,,,
3α 5α tetrahydrocortisol,,,
3α 5α tetrahydrocortisone,,,
3α 5α tetrahydrodeoxycortisol,,,
17α-hydroxypregnenolone,,,
allopregnanedione,,,
17α hydroxyallopregnanedione,,,
17α hydroxyallopregnanolone,,,
5α androstanedione,,,
5α dihydrotestosterone,,,
3α 5α androsterone,,,
3α 5α androstanediol,,,
15α 16α hydroxyestrone,,,
peginterferon lambda,,,
somidobove,,,
urokinase,,,
nano-diamino-tetrac,,,
kanglaite,,,
mRNA-1273.214 vaccine,,,
Vicks Formula 44,,,
acazicolcept,,,
MK-2060,,,
AZD2693,,,
danaparoid,,,B01AB09
tinzaparin,,,B01AB10
follitropin beta,,,G03GA06
hyaluronidase (ovine),,,B06AA03
tinzaparin,,,B01AB10
sofosbuvir / velpatasvir / voxilaprevir,,,J05AP56
insulin glargine / lixisenatide,,,A10AE54
esomeprazole / naproxen,,,M01AE52
dolutegravir / rilpivirine,,,J05AR21
ertugliflozin / sitagliptin,,,A10BD24
anti-thymocyte globulin (rabbit),,,
interferon-alpha,,,
ragweed pollen extract,,,
testosterone ester,,,
World Herbal Forest,,,
testosterone furoate,,,
Arginine vasopressin,,,
Abilify,,,
acetaminophen/tramadol,,,
epinephrine / prilocaine,,,
fluoxetine / olanzapine,,,
dexamethasone / tobramycin,,,
codeine / pseudoephedrine / triprolidine,,,
betamethasone / calcipotriene,,,
aspirin / butalbital / caffeine / codeine,,,
dexamethasone / neomycin / polymyxin B,,,
isoniazid / rifampin,,,
articaine / epinephrine,,,
penicillin G benzathine / penicillin G procaine,,,
naproxen / sumatriptan,,,
aspirin / caffeine / dihydrocodeine,,,
clindamycin / tretinoin,,,
aspirin / omeprazole,,,
guaifenesin / hydrocodone / pseudoephedrine,,,
acetaminophen / caffeine / dihydrocodeine,,,
loratadine / pseudoephedrine,,,
ciprofloxacin/dexamethasone,,,
enalapril / hydrochlorothiazide,,,
aspirin / dipyridamole,,,
epinephrine / lidocaine,,,
amitriptyline / chlordiazepoxide,,,
fexofenadine/pseudoephedrine,,,
ciprofloxacin / fluocinolone,,,
acetaminophen / butalbital / caffeine / codeine,,,
cyclopentolate / phenylephrine,,,
benzoyl peroxide / clindamycin,,,
chlorpheniramine / hydrocodone / pseudoephedrine,,,
betamethasone / clotrimazole,,,
bupivacaine / epinephrine,,,
aspirin / butalbital / caffeine,,,
ethinyl estradiol / etonogestrel,,,
olodaterol / tiotropium,,,
hydrochlorothiazide / quinapril,,,
betamethasone / betamethasone acetate,,,
isoniazid / pyrazinamide / rifampin,,,
hydrochlorothiazide / losartan,,,
hydrochlorothiazide / valsartan,,,
hydrochlorothiazide / spironolactone,,,
acrivastine / pseudoephedrine,,,
Hydrocortisone / Neomycin / Polymyxin B,,,
ciprofloxacin / hydrocortisone,,,
hydrocortisone / pramoxine,,,
aspirin / oxycodone,,,
canagliflozin / metformin,,,
benzoyl peroxide / erythromycin,,,
brompheniramine / dextromethorphan / pseudoephedrine,,,
formoterol / glycopyrrolate,,,
brimonidine / timolol,,,
olmesartan/amlodipine/hydrochlorothiazide,,,
lovastatin / niacin,,,
estradiol / norethindrone,,,
chlorpheniramine / codeine,,,
neomycin / polymyxin B,,,
Goprelto,,,
angiotensin IV,,,
cosmomycin B',,,
cosmomycin A',,,
Hylo-Comod,,,
peppermint leaf,,,
dittany of Crete (herb),,,
guarana seed,,,
katula,,,
Mouse-ear hawkweed,,,
ribwort plantain leaf,,,
primula root,,,
arctic root,,,
elderberry,,,
hedge mustard (herb),,,
woody nightshade stem,,,
european goldenrod (herb),,,
comfrey root,,,
Tiliae tomentosae flos,,,
tormentil root,,,
cat's claw (bark),,,
nettle leaf,,,
nettle herb,,,
Mezoneuron sumatranum,,,
empagliflozin/linagliptin,,,A10BD19
indacaterol/glycopyrrolate,,,R03AL04
ethinylestradiol/norelgestromin,,,G03AA13
emapalumab,,,L04AA39
estradiol/dydrogesterone,,,G03FB08
azole antimycotic,,,
transdermal testosterone gel,,,
Neothetazone,,,
IMM-101,,,
tislelizumab,,,
Nirodh,,,
hydrocodone/homatropine,,,
elexacaftor/ivacaftor/tezacaftor,,,
darunavir/cobicistat/emtricitabine/tenofovir alafenamide,,,
sodium phenylacetate/sodium benzoate,,,
ethinyl estradiol-norgestrel combination,,,
conjugated estrogens/methyltestosterone,,,
estradiol/drospirenone,,,
Estradiol/norethisterone,,,
ethinylestradiol/drospirenone/prasterone,,,
Fluticasone furoate/umeclidinium bromide/vilanterol,,,
Polyestradiol phosphate/medroxyprogesterone acetate,,,
Alendronic acid/colecalciferol,,,
amlodipine/celecoxib,,,
bempedoic acid/ezetimibe,,,
Bimatoprost/timolol,,,
Brinzolamide/brimonidine,,,
Daratumumab/hyaluronidase,,,
Desloratadine/pseudoephedrine,,,
dolutegravir/rilpivirine,,,
Elagolix/estradiol/norethindrone acetate,,,
Fenofibrate/simvastatin,,,
Glycopyrronium bromide/formoterol,,,
imidacloprid/moxidectin,,,
Lamivudine/tenofovir,,,
netarsudil/latanoprost,,,
pertuzumab/trastuzumab/hyaluronidase,,,
indacaterol/mometasone,,,
Beclometasone/formoterol,,,
Insulin degludec/insulin aspart,,,
Indacaterol/glycopyrronium bromide/mometasone,,,
arginine/lysine,,,
pioglitazone/glimepiride,,,
estradiol benzoate/progesterone/testosterone propionate,,,
estradiol benzoate/trenbolone acetate,,,
trastuzumab/hyaluronidase,,,
bupivacaine/meloxicam,,,
atoltivimab/maftivimab/odesivimab,,,
ethinylestradiol/megestrol acetate,,,
vaccinal liquid in the first COVID-19 shot given to Sarah Lindsay,,,
Packet of 'Anti-Baby' condoms,,,
BNT162b5,,,
Buprenorphine/naltrexone,,,
cycloserine/lurasidone,,,
thiamphenicol glycinate acetylcysteine,,,
hydrocodone/aspirin,,,
insulin glargine/lixisenatide,,,
trabedersen,,,
efmoroctocog alfa,,,
eftrenonacog alfa,,,
"antihemophilic factor porcine, b-domain truncated recombinant",,,
nomegestrol acetate / estradiol,,,
ceftolozane / tazobactam,,,
alendronate sodium trihydrate / colecalciferol,,,
clopidogrel / acetylsalicylic acid,,,
alendronic acid / colecalciferol,,,
irbesartan / hydrochlorothiazide,,,
norelgestromin / ethinyl estradiol,,,
desloratadine / pseudophedrine sulphate,,,
follitropin alfa / lutropin alfa,,,
laropiprant / nicotinic acid,,,
brinzolamide / timolol,,,
brinzolamide / brimonidine tartrate,,,
bimatoprost / timolol,,,
fluticasone furoate / vilanterol trifenatate,,,
fenofibrate / pravastatin,,,
travoprost / timolol,,,
insulin aspart / insulin degludec,,,
japanese encephalitis virus strain sa 14-14-2 antigen (formaldehyde inactivated),,,
hepatitis b virus hbsag surface protein antigen,,,
coagulation factor ix human,,,
varicella-zoster virus strain oka/merck live antigen,,,
albutrepenonacog alfa,,,
cefoperazone/sulbactam,,,
Hyoscyamine/hexamethylenetetramine/phenyl salicylate/methylene blue/benzoic acid,,,
aripiprazole/sertraline,,,
Buspirone/testosterone,,,
estetrol/drospirenone,,,
oxycodone/ibuprofen,,,N02AJ19
ethinylestradiol/norelgestromin,,,G03AA13
autologous cultured chondrocytes,,,M09AX02
protein c concentrate (human),,,B01AD12
coagulation factor ix recombinant human,,,B02BD09
epoetin theta,,,B03XA01
canagliflozin / metformin hydrochloride,,,A10BD16
dapagliflozin / metformin,,,A10BD15
rosiglitazone / metformin,,,A10BD03
memantine / donepezil,,,N06DA52
ketorolac / phenylephrine,,,S01FB51
alogliptin / metformin,,,A10BD13
alogliptin / metformin,,,A10BD13
linagliptin / metformin,,,A10BD11
empagliflozin / metformin,,,A10BD20
empagliflozin / metformin,,,A10BD20
vildagliptin / metformin,,,A10BD08
budesonide / salmeterol,,,R03AK12
emtricitabine / rilpivirine / tenofovir alafenamide,,,J05AR19
fenofibrate / simvastatin,,,C10BA04
rosiglitazone / glimepiride,,,A10BD04
emtricitabine / tenofovir alafenamide,,,J05AR17
metformin / saxagliptin,,,A10BD10
pioglitazone/glimepiride,,,A10BD06
amlodipine / valsartan / hydrochlorothiazide,,,C09DX01
alogliptin/pioglitazone,,,A10BD09
lamivudine / raltegravir,,,J05AR16
elvitegravir / cobicistat / emtricitabine / tenofovir alafenamide,,,J05AR18
aliskiren / hydrochlorothiazide,,,C09XA52
telmisartan / amlodipine,,,C09DB04
Beclometasone/formoterol/glycopyrronium,,,R03AL09
simvastatin/sitagliptin,,,A10BH51
dapagliflozin / saxagliptin,,,A10BD21
dutasteride / tamsulosin,,,G04CA52
ertugliflozin / metformin,,,A10BD23
amlodipine / perindopril,,,C09BB04
formoterol / mometasone,,,R03AK09
Acylcoffin,,,
seirogan,,,
dihydroergotoxine,,,
Eucerin,,,
formic alcohol,,,
thyroid extract,,,
Hees lotion,,,
SCP-1,,,
Lactal,,,
Concerta,,,
Borraginol,,,
Metastron,,,
specific substance maruyama,,,
Iodipin,,,
Luivac,,,
coldrex,,,
acetaminophen / codeine,,,
hydrochlorothiazide / metoprolol,,,
hydralazine / isosorbide dinitrate,,,
acetaminophen / butalbital / caffeine,,,
acetaminophen / hydrocodone,,,
fluocinolone / hydroquinone / tretinoin,,,
prednisolone / sulfacetamide,,,
hydrocodone / ibuprofen,,,
bisoprolol / hydrochlorothiazide,,,
benazepril / hydrochlorothiazide,,,
fluticasone / vilanterol,,,
allopurinol / lesinurad,,,
p-hydroxyamphetamine / tropicamide,,,
azelastine / fluticasone,,,
guaifenesin / pseudoephedrine,,,
glyburide / metformin,,,
candesartan / hydrochlorothiazide,,,
chlorpheniramine / hydrocodone,,,
ethinyl estradiol / norethindrone,,,
acyclovir/hydrocortisone,,,
famotidine / ibuprofen,,,
lidocaine / tetracaine,,,
oxymetazoline / tetracaine,,,
levothyroxine / liothyronine,,,
morphine / naltrexone,,,
fluocinolone / neomycin,,,
amlodipine / olmesartan,,,
loteprednol etabonate / tobramycin,,,
fluticasone / umeclidinium / vilanterol,,,
amphetamine aspartate / amphetamine sulfate / dextroamphetamine saccharate / dextroamphetamine sulfate,,,
acetaminophen / oxycodone,,,
chlorthalidone / clonidine,,,
adapalene / benzoyl peroxide,,,
caffeine / ergotamine,,,
hydrocodone/guaifenesin,,,
atropine / difenoxin,,,
brimonidine / brinzolamide,,,
niacin / simvastatin,,,
azilsartan / chlorthalidone,,,
estradiol / levonorgestrel,,,
bacitracin / neomycin / polymyxin B,,,
gentamicin / prednisolone,,,
colistin / hydrocortisone / neomycin / thonzonium,,,
"nitrofurantoin, macrocrystals / nitrofurantoin, monohydrate",,,
bacitracin / polymyxin B,,,
bacitracin / hydrocortisone / neomycin / polymyxin B,,,
conjugated estrogens/medroxyprogesterone acetate,,,
frunevetmab,,,
Esterom,,,
cholinergic agent,,,
Fenfluramine/phentermine,,,
ECA stack,,,
QuikClot,,,
betamethasone/gentamicin,,,
ipratropium bromide/fenoterol,,,
estradiol/norethisterone acetate,,,
Afrin,,,
alfatradiol/dexamethasone,,,
betamethasone/dexchlorpheniramine,,,
ethinylestradiol/drospirenone/levomefolic acid,,,
co-danthrusate,,,
co-dydramol,,,
Stelara,,,
Hyoscyamine/hexamethylenetetramine/phenyl salicylate/methylene blue/benzoic acid,,,
rovalpituzumab tesirine,,,
axicabtagene ciloleucel,,,
Propylex,,,
nettle root,,,
wild pansy (herb),,,
mistletoe (herb),,,
oak leaf,,,
St. John's wort flowering top,,,
onion juice,,,
celery juice,,,
casanthranol,,,
maitake polysaccharide,,,
Ginkgo biloba extract,,,
carbo animalis,,,
sassafras root bark,,,
American fringetree bark,,,
Melia azedarach root bark,,,
Acaciella angustissima bark,,,
Ligustrum lucidum seed,,,
Polygala tenuifolia root,,,
Jamaican dogwood root bark,,,
Achyranthes japonica root,,,
alkavervir,,,
acerin,,,
May apple root,,,
Uncaria sinensis hook,,,
SKCPT,,,
birch triterpenes,,,
amycretin,,,
panipenem/betamipron,,,J01DH55
ambuphylline,,,R03DA10
Azor,,,C09DB02
calcium hexamine thiocyanate,,,R01AX01
oral rehydration solution,,,A07CA
MABp1,,,L01XC29
co-tenidone,,,
ibuprofen/paracetamol,,,
Drixoral,,,
Econazole/triamcinolone,,,
esterified estrogens/methyltestosterone,,,
ezetimibe/simvastatin,,,
fentanyl/fluanisone,,,
HeadOn,,,
hydrocortisone/oxytetracycline,,,
tobramycin/dexamethasone,,,
Ketofol,,,
Loperamide/simethicone,,,
rhatany,,,
condoliase,,,
MIS416,,,
ethinylestradiol/segesterone acetate,,,
doravirine/lamivudine/tenofovir disoproxil fumarate,,,
estradiol dipropionate/hydroxyprogesterone caproate,,,
beta3-adrenergic agonist,,,
tegoprubart,,,
ziltivekimab,,,
IMCY-0098,,,
bepirovirsen,,,
bepirovirsen,,,
tarlatamab,,,
garetosmab,,,
zilebesiran,,,
zinc paste,,,
GP3269,,,
PSB-KK1415,,,
PSB-KD107,,,
ART26.12,,,
BMS-466442,,,
Nelremagpran,,,
PIPE-359,,,
BAY 2413555,,,
Elimusertib,,,
Rezuforimod,,,
Tegomil fumarate,,,
SANA,,,
DETQ,,,
BB-Cl-Amidine,,,
Ketamir-2,,,
Tegtociclib,,,
cevostamab,,,
Prifetrastat,,,
REGN-EB3,,,
follitropin beta,,,G03GA06
CCK,,,
Billy Boy,,,
pentastarch,,,
Warfarin sodium 1 mg tab-cap,,,
topical ophthalmic corticosteroid,,,
salsolinum,,,
Reniale,,,
PCSK9 inhibitors,,,
Calcium/cholecalciferol,,,
motion sickness medicine,,,
esterified estrogens,,,
aclidinium/formoterol,,,
rindopepimut,,,
RGC100,,,
ieramilimab,,,
Puregon,,,
Alexandrian leaf,,,
merestinib,,,
ferumoxytol,,,
trafermin,,,
estetrol/drospirenone,,,
lesinurad/allopurinol,,,
Kingsy Pharmaceutical,,,
HTTRx,,,
Vyvanse,,,
tacrolimus ointment,,,
nitric oxide / nitrogen,,,
acetaminophen / butalbital,,,
eprosartan / hydrochlorothiazide,,,
levonordefrin / mepivacaine,,,
enalapril / hydrochlorothiazide,,,
Omeprazole / Sodium Bicarbonate,,,
atropine / difenoxin,,,
Testoviron depot,,,
Testosterone/dutasteride,,,
Acolbifene/prasterone,,,
conjugated estrogens/medroxyprogesterone acetate,,,
bortezomib/dexamethasone,,,
Estradiol/medroxyprogesterone acetate,,,
Estradiol/estrone/estriol,,,
estradiol valerate/hydroxyprogesterone caproate,,,
estradiol enanthate/algestone acetophenide,,,
estradiol/megestrol acetate,,,
Climacteron,,,
estradiol valerate/norethisterone enanthate,,,
ethinylestradiol/segesterone acetate,,,
doravirine/lamivudine/tenofovir disoproxil fumarate,,,
estradiol benzoate/hydroxyprogesterone caproate,,,
estradiol benzoate butyrate/algestone acetophenide,,,
estradiol dipropionate/hydroxyprogesterone caproate,,,
Confumin,,,
alfatradiol,,,
estradiol valerate/cyproterone acetate,,,
estradiol valerate/dienogest,,,
estradiol/nomegestrol acetate,,,
conjugated estriol,,,
estrone/progesterone,,,
estradiol hemisuccinate/progesterone,,,
sintilimab,,,
estradiol valerate/prasterone enanthate,,,
estradiol benzoate/testosterone isobutyrate,,,
estradiol benzoate/estradiol phenylpropionate,,,
hydrocodone/homatropine,,,
lipegfilgrastim,,,L03AA14
lumacaftor/ivacaftor,,,R07AX30
liraglutide/insulin degludek,,,A10AE56
ferric oxide polymaltose complexes,,,B03AB05
androstanolone,,,G03BB02
metformin / pioglitazone,,,A10BD05
trimethoprim/sulfadiazine,,,J01EE02
glucose-elevating agent,,,V03AH
candicidin,,,G01AA04
estradiol cypionate/testosterone cypionate,,,
estradiol valerate/testosterone enanthate,,,
estradiol benzoate/estradiol phenylpropionate/testosterone propionate/testosterone phenylpropionate/testosterone isocaproate,,,
mestranol/hydroxyprogesterone acetate,,,
estradiol butyrylacetate/testosterone ketolaurate/reserpine,,,
estradiol valerate/methenmadinone caproate,,,
estradiol pivalate/progesterone,,,
estradiol/estradiol enanthate,,,
estradiol benzoate/estradiol valerate/hydroxyprogesterone caproate,,,
estradiol valerate/gestonorone caproate,,,
estradiol benzoate/estradiol valerate/norethisterone acetate/testosterone enanthate,,,
testosterone propionate/testosterone ketolaurate,,,
testosterone propionate/testosterone phenylpropionate/testosterone isocaproate,,,
testosterone propionate/testosterone cypionate/prasterone,,,
progesterone/hydroxyprogesterone heptanoate/α-tocopherol palmitate,,,
testosterone propionate/testosterone enanthate/testosterone undecylenate,,,
testosterone propionate/testosterone valerate/testosterone undecylenate,,,
estradiol cypionate/hydroxyprogesterone caproate,,,
estradiol undecylate/norethisterone enanthate,,,
estradiol benzoate/testosterone propionate,,,
estradiol cypionate/testosterone enanthate,,,
estrone/progesterone/testosterone,,,
estrapronicate/hydroxyprogesterone heptanoate/nandrolone undecanoate,,,
estradiol hexahydrobenzoate/hydroxyprogesterone caproate/testosterone hexahydrobenzoate,,,
estradiol diundecylate/hydroxyprogesterone heptanoate/testosterone cyclohexylpropionate,,,
estradiol dibutyrate/hydroxyprogesterone heptanoate/testosterone caproate,,,
estradiol benzoate/progesterone/methandriol dipropionate,,,
UB-421,,,
elapegademase,,,
sulfonated phenolics,,,
ethinylestradiol sulfonate/norethisterone acetate,,,
Stemirac,,,
Flurexil,,,
glipizide/metformin,,,
Sitcom,,,
bempegaldesleukin,,,
GM604,,,
ambrosia and nectar,,,
Factorate,,,
Dr. Thomas' Eclectric Oil,,,
Peanut allergen powder,,,
sodium oligomannate,,,
Stronger Neo-Minophagen C,,,
apivirine,,,
Azficel-T,,,
SCH-79797,,,
vonicog alfa,,,
imipenem/cilastatin/relebactam,,,J01DH56
acetylleucine,,,N07CA04
medicated shampoos,,,D11AC
sulfur,,,D10AB02
gestodene and ethinylestradiol,,,G03AA10
gestodene and ethinylestradiol,,,G03AB06
combinations of different antibiotics,,,S01AA30
drospirenone and ethinylestradiol,,,G03AA12
desogestrel and ethinylestradiol,,,G03AB05
musculoskeletal drugs,,,M
norgestrel and estrogen,,,G03FA10
pegteograstim,,,L03AA17
cicatrizant,,,D03A
medical air,,,V03AN05
systemic nasal decongestants,,,R01B
antivaricose agent,,,C05B
prolactine inhibitors,,,G02CB
drug used in erectile dysfunction,,,G04BE
steroid antibacterials,,,J01XC
contact laxatives,,,A06AB
Betulae cortex,,,D03AX13
pepsin,,,A09AA03
polyplatillen,,,L01XA05
balugrastim,,,L03AA15
Béres Drops,,,
Vishnevsky liniment,,,
Niacin/lovastatin,,,
Niacin/simvastatin,,,
Norgesic,,,
gentamicin/betamethasone valerate/clotrimazole,,,
oxycodone/naloxone,,,
Oxytrex,,,
pamabrom,,,
bacitracin/polymyxin B,,,
Spasmofen,,,
ticarcillin/clavulanic acid,,,
oxomemazine/guaifenesin,,,
trimethoprim/sulfadoxine,,,
azatadine/pseudoephedrine,,,
tropicamide/hydroxyamfetamine,,,
Zicam,,,
potassium citrate/potassium hydrogen carbonate,,,
atoltivimab/maftivimab/odesivimab,,,
sodium nitrite/sodium thiosulfate,,,
estradiol/norethisterone acetate/relugolix,,,
estradiol valerate/megestrol acetate,,,
tretinoin/benzoyl peroxide,,,
calcium oxybate/magnesium oxybate/potassium oxybate/sodium oxybate,,,
celecoxib/tramadol,,,
finasteride/tadalafil,,,
amitriptyline/chlordiazepoxide,,,
vonoprazan/amoxicillin,,,
vonoprazan/amoxicillin/clarithromycin,,,
naproxen/pseudoephedrine,,,
TOL-463,,,
KarXT,,,
nebivolol/valsartan,,,
salbutamol/budesonide,,,
leuprorelin/norethisterone acetate,,,
neostigmine/glycopyrronium bromide,,,
niraparib/abiraterone acetate,,,
tezacaftor/ivacaftor,,,
sulbactam/durlobactam,,,
DA-EPOCH-R,,,
simnotrelvir/ritonavir,,,
cagrilintide/semaglutide,,,
clindamycin/adapalene/benzoyl peroxide,,,
taurolidine/heparin,,,
insulin icodec/semaglutide,,,
bempedoic acid/ezetimibe/atorvastatin,,,
favezelimab/pembrolizumab,,,
aztreonam/avibactam,,,
foscarbidopa/foslevodopa,,,
dronabinol/acetazolamide,,,
fluticasone/formoterol,,,
Acetylsalicylic acid/atorvastatin/ramipril,,,
pramlintide/insulin A21G,,,
ciprofloxacin/celecoxib,,,
cefepime/enmetazobactam,,,
medetomidine/vatinoxan,,,
xanomeline/trospium,,,
macitentan/tadalafil,,,
dexamethasone/levofloxacin,,,
esafoxolaner/eprinomectin/praziquantel,,,
atezolizumab/hyaluronidase,,,
Iron of Liberty: Located in Lokoja,,,
B52,,,
telmisartan/amlodipine/indapamide,,,
warfarin,,,
ciprofloxacin/hydrocortisone,,,
disufenton/acetylcysteine,,,
danaparoid,,,B01AB09
trandolapril/verapamil,,,C09BB10
benzathine benzylpenicillin/procaine benzylpenicillin,,,J01CR50
asunercept,,,
mirimostim,,,
teceleukin,,,
nartograstim,,,
baminercept,,,
agatolimod sodium,,,
viroxime,,,
taneptacogin alfa,,,
bevasiranib sodium,,,
bentracimab,,,
plasminogen,,,
HEPARIN SODIUM,,,
interferon kappa,,,
OTL-103,,,
valoctocogene roxaparvovec,,,
ED-101,,,
ABO-102,,,
ADP-A2M4,,,
ALLO-715,,,
AST-OPC1,,,
AT132,,,
CLBS14 (Ologo),,,
CAP-1002,,,
CT053,,,
RVT-802,,,
ECT-001,,,
FCX-007,,,
ilixadencel,,,
lifileucel,,,
MDR-101,,,
MB-107,,,
RP-L102,,,
VY-AADC,,,
RP-L201,,,
BRII-196/BRII-198,,,
spike-ferritin nanoparticle vaccine,,,
ChAdV68-S,,,
ChAdV68-S-TCE,,,
SAM-LNP-S,,,
SAM-LNP-S-TCE,,,
SAB-185,,,
PUL-042,,,
NT-I7,,,
remestemcel-L,,,
apitegromab,,,
maridebart cafraglutide,,,
NNC9204-1706,,,
BI 1569912,,,
SEP-4199,,,
Mifepristone/misoprostol,,,
VK2735,,,
pemivibart,,,
nogapendekin alfa inbakicept,,,
pegulicianine,,,
CRYSViTA,,,
Licogliflozin,,,
Dapagliflozin/sitagliptin,,,
Battery heated slippers,,,
Dorzagliatin,,,
Valiglurax,,,
Omilancor,,,
badger blood,,,
urokinase,,,
bulk-forming laxative,,,A06AC
Jintan,,,
carbonyl iron,,,
TKM-Ebola,,,
Cranium humanum,,,
compound spirit of ether,,,
miotic drugs,,,
Lorenzo's oil,,,
human fat,,,
Em-eukal,,,
secobarbital/brallobarbital/hydroxyzine,,,
cephalic gout,,,
red ginseng,,,
MM1,,,
Pepto-Bismol,,,
stem bromelain,,,
dynepo,,,
EFSH,,,
human luteinizing hormone,,,
imlifidase,,,
perindopril/amlodipin,,,
bulevirtide,,,
crotalidae immune F(ab’)2 (equine),,,
LY-CoV016,,,
odesivimab,,,
maftivimab,,,
atoltivimab,,,
hydrogen saline,,,
sotatercept,,,
dextriferron,,,
lirentelimab,,,
pasotuxizumab,,,
spleen extract,,,
donanemab,,,
esterified estrogens/methyltestosterone,,,
panipenem/betamipron,,,J01DH55
ganglionic blocker,,,
fungistatic,,,
spodium,,,
carminative,,,
diclofenac etalhyaluronate,,,
atidarsagene autotemcel,,,
lonoctocog alfa,,,
alfimeprase,,,
nonacog beta pegol,,,
ecogramostim,,,
ersofermin,,,
latiglutenase,,,
pegargiminase,,,
Jerusalem balsam,,,
model-informed precision dosing,,,
hypericum oil,,,
bebtelovimab,,,
nirsevimab,,,
iron isomaltoside 1000,,,
topical prednisolone,,,
abetimus sodium,,,
vutrisiran sodium,,,
LACTIN-V,,,
laureth,,,
Venvanse,,,
mucosal protective agent,,,
Nin Jiom Pei Pa Koa,,,
Dakin's solution,,,
Tylenol,,,
CroFab,,,
sulfonated phenolics/sulfuric acid,,,
Dz13,,,
efonidipine,,,
enamel matrix derivative,,,
equithesin,,,
ethinylestradiol/norethisterone acetate,,,
Excedrin,,,
Fosfomycin/tobramycin,,,
GI cocktail,,,
Luteal hormone,,,
Copper cathode,,,
copper ingots,,,
Raptin,,,
quinupristin/dalfopristin,,,J01FG02
sclerosing agent,,,C05BB
orgotein,,,M01AX14
vasoprotective,,,C05
glybera,,,C10AX10
muplestim,,,
nerinetide,,,
somatosalm,,,
egaptivon pegol,,,
butirosin sulfate,,,
cilmostim,,,
JI-38,,,
pegnartograstim,,,
Gangaria de Flush,,,
DA-EPOCH-R,,,
oxycodone/naloxone,,,
Spasmofen,,,
amitriptyline/chlordiazepoxide,,,
calixcoca,,,
cresomycin,,,
Taren,,,
Taletrectinib,,,
Adem Sari,,,
Santaimide,,,
Mood Enhancer,,,
Donidalorsen,,,
Fitusiran,,,
ADTL-SA1215,,,
2-APQC,,,
Relfovetmab,,,
Zerlasiran,,,
Muvalaplin,,,
VLX1570,,,
Nerandomilast,,,
daraxonrasib,,,
Creative Biolabs Hygromycin B. Vero cells,,,
Bromotomscaline,,,
Bromojimscaline,,,
Burdock Blood Bitters,,,
Farabursen,,,
AUT-00063,,,
Seliforant,,,
Padnarsertib,,,
Veramon,,,
Glaxo Smithkline  Pharmaceutical  Nigeria Ltd,,,
Co-amilofruse,,,C03EB01
collagenase clostridium histolyticum,,,D03BA02
collagenase clostridium histolyticum,,,M09AB02
hyaluronidase (ovine),,,B06AA03
Ritlecitinib,,,L04AF08
Trachitol,,,
camphor spirit,,,
topical steroid,,,
fermagate,,,
boric acid ointment,,,
Calcichew,,,
Metoclopramide and Aspirin,,,
EUSOL,,,
Anadin,,,
Asthmador,,,
aviptadil,,,
ethinylestradiol/drospirenone/levomefolic acid,,,
Blue 88,,,
Blue mass,,,
calfactant,,,
polyethylene glycol cetyl ether,,,
co-danthrusate,,,
co-dydramol,,,
co-tenidone,,,
coramsine,,,
artificial saliva,,,
recombinant factor VIIa,,,
IMOD,,,
gataparsen,,,
Lemsip,,,
sodium citrate/sodium lauryl sulfoacetate/glycerol,,,
idecabtagene vicleucel,,,
inclisiran sodium,,,
forigerimod,,,
amilomotide,,,
ilatreotide,,,
bifarcept,,,
aviscumine,,,
rismorelin,,,
gadoxanum,,,
archexin,,,
orientiparcin,,,
lanoteplase,,,
albenatide,,,
parstatin,,,
somfasepor,,,
dalazatide,,,
tiplimotide,,,
ocrase,,,
emapticap pegol,,,
obinepitide,,,
nagrestipen,,,
trecovirsen,,,
trecovirsen sodium,,,
vanutide cridificar,,,
dapiclermin,,,
pifonakin,,,
lexaptepid pegol,,,
bovhyaluronidase azoximer,,,
turoctocog alfa pegol,,,
adargileukin alfa,,,
calixcoca,,,
undecoylium chloride iodine complex,,,
rozanolixizumab,,,
elranatamab (Elrexfio),,,
pozelimab,,,
avacincaptad pegol,,,
Linaprazan,,,
belapectin,,,
toripalimab,,,
nedosiran,,,
Lumify,,,
Aesculus indica,,,
tetrapharmacum,,,
Arning's tincture,,,
Advanced Therapy Medicinal Product,,,
ipratropium bromide/fenoterol,,,
Corvalol,,,
medicines containing the active ingredient paracetamol,,,
polygynax,,,
sulfozinum,,,
Urodonal,,,
Tribulus terrestris extract,,,
estradiol/norethisterone acetate,,,
alfatradiol/dexamethasone,,,
alvircept sudotox,,,
trimethoprim/sulfadoxine,,,
hydrocodone/aspirin,,,
Analgecine,,,
nebramycin,,,
astodrimer,,,
DiaPep277,,,
mirococept,,,
menfegol,,,
alkali citrate,,,
antituberculotic,,,
Aduvanz,,,
Elvanse,,,
meplazumab,,,
CIS43,,,
talquetamab,,,
CPACC,,,
glofitamab,,,
"fecal microbiota spores, live",,,
Cofmix Cough Syrup,,,
isomerol,,,
Tedral,,,
topical hydrocortisone,,,
anti-anemic,,,B03
acetic acid/hydrocortisone,,,S02CA03
alpha-glucosidase inhibitor,,,A10BF
amlodipine/valsartan,,,C09DB01
oxycodone/ibuprofen,,,N02AJ19
oral rehydration solution,,,A07CA
morphine/naltrexone,,,
Acer laevigatum,,,
Entada phaseoloides,,,
French medicinal plants,,,
Gripin,,,
Bridelia stipularis,,,
Sinopharm CNBG COVID-19 vaccine,,,
Kabuga primary health center,,,
ArVac Cecilia Grierson,,,
Qdenga,,,
Butantan-DV,,,
lapinized Chinese strain,,,
Uromune,,,
Australian bat lyssa vaccine,,,
sanitizer,,,
Abrysvo,,,
Kostaive,,,
Prirodno lecenje,,,
peritoneal dialysis fluid,,,B05D
rac-miconazole,,,A01AB09
rac-miconazole,,,A07AC01
rac-miconazole,,,D01AC02
rac-miconazole,,,G01AF04
rac-miconazole,,,J02AB01
rac-miconazole,,,S02AA13
Marax,,,
